{
  "movies": [
    {
      "id": 1,
      "name": "Fast and Furious",
      "description": "Action movie",
      "year": 2018,
      "wasWatched": false,
      "image": "https://assets-in.bmscdn.com/iedb/movies/images/extra/vertical_logo/mobile/thumbnail/xxlarge/fast-and-furious-9-et00056556-1662618657.jpg"
    },
    {
      "id": 2,
      "name": "Avatar",
      "description": "Fantasy movie",
      "year": 2022,
      "wasWatched": true,
      "image": "https://m.media-amazon.com/images/M/MV5BYjhiNjBlODctY2ZiOC00YjVlLWFlNzAtNTVhNzM1YjI1NzMxXkEyXkFqcGdeQXVyMjQxNTE1MDA@._V1_FMjpg_UX1000_.jpg"
    }
  ]
}